City,Store,Store_ID,Category,Product_ID,Unit_Price,Quantity
Birmingahm,Birmingham,8,Groceries,GR1711,35.01,32
London,Richmond,3,Groceries,GR5380,5.13,31
Manchester,Chorlton,7,Groceries,GR9966,39.92,20
London,Stratford,4,Groceries,GR1840,41.32,42
London,Stratford,4,Groceries,GR5052,31.65,44
Birmingahm,Birmingham,8,Groceries,GR0090,23.93,33
London,Wembley,2,Groceries,GR7153,25.75,4
Manchester,Chorlton,7,Groceries,GR9793,6.52,28
Nottingham,Nottingham,9,Groceries,GR2418,45.23,28
London,Richmond,3,Groceries,GR6752,42.27,16
Manchester,Chorlton,7,Groceries,GR0745,21.95,28
London,Wembley,2,Groceries,GR0572,29.86,44
Birmingahm,Birmingham,8,Groceries,GR6867,36.76,26
London,Stratford,4,Groceries,GR8182,16.19,4
Nottingham,Nottingham,9,Groceries,GR5291,38.27,5
London,Stratford,4,Groceries,GR2519,15.24,41
London,Stratford,4,Groceries,GR6632,43.44,37
Manchester,Salford,6,Groceries,GR1732,49.45,25
Manchester,Trafford,5,Groceries,GR4947,20.17,45
London,Stratford,4,Groceries,GR6373,4.31,2
London,Oxford Street,1,Groceries,GR1969,14.45,5
Leeds,Leeds,10,Groceries,GR6265,4.79,5
Birmingahm,Birmingham,8,Groceries,GR2638,7.41,5
Leeds,Leeds,10,Groceries,GR4314,24.96,12
London,Stratford,4,Groceries,GR4258,15.19,15
London,Oxford Street,1,Groceries,GR3422,12.25,43
London,Richmond,3,Groceries,GR9266,23.36,27
Birmingahm,Birmingham,8,Groceries,GR5040,21.54,30
London,Oxford Street,1,Groceries,GR0910,49.4,13
Nottingham,Nottingham,9,Groceries,GR0311,20.56,37
London,Oxford Street,1,Groceries,GR6076,47.35,12
Manchester,Salford,6,Groceries,GR8734,43.3,49
Manchester,Salford,7,Groceries,GR0294,11.77,21
London,Oxford Street,1,Groceries,GR1705,47.16,3
Birmingahm,Birmingham,1,Groceries,GR1705,47.16,3
Birmingahm,Birmingham,1,Groceries,GR1705,47.16,37
Leeds,Leeds,10,Groceries,GR1705,47.16,37
Manchester,Trafford,7,Groceries,GR0294,11.77,21
London,Wembley,2,Groceries,GR0294,11.77,19
London,Oxford Street,1,Groceries,GR1705,47.16,28
Manchester,Trafford,5,Groceries,GR1705,47.16,12
London,Richmond,3,Groceries,GR5226,13.98,14
Manchester,Chorlton,7,Groceries,GR7563,43.15,8
Manchester,Chorlton,7,Groceries,GR4877,32.57,21
Manchester,Chorlton,7,Groceries,GR6107,39.09,50
London,Wembley,2,Groceries,GR2451,18.74,46
Manchester,Chorlton,7,Groceries,GR5405,25.33,17
Leeds,Leeds,10,Groceries,GR3546,35.72,14
London,Oxford Street,1,Groceries,GR4264,45.14,28
Manchester,Trafford,5,Groceries,GR1002,43.24,27
London,Wembley,2,Groceries,GR3592,10.38,39
Birmingahm,Birmingham,8,Groceries,GR6898,7.72,34
London,Wembley,2,Groceries,GR4894,31.95,2
Birmingahm,Birmingham,8,Groceries,GR7882,17.58,8
London,Richmond,3,Groceries,GR7350,36.32,14
Manchester,Trafford,5,Groceries,GR2037,9.44,9
Manchester,Chorlton,7,Groceries,GR8486,44.67,25
Leeds,Leeds,10,Groceries,GR7415,21.42,12
Leeds,Leeds,10,Groceries,GR5826,27.7,25
London,Stratford,4,Groceries,GR8988,31.58,19
Birmingahm,Birmingham,8,Groceries,GR5532,23.73,21
Manchester,Chorlton,7,Groceries,GR8158,13.35,48
Birmingahm,Birmingham,8,Groceries,GR1253,48.98,49
London,Oxford Street,1,Groceries,GR8453,13.64,47
London,Stratford,4,Groceries,GR9418,28.08,17
London,Wembley,2,Groceries,GR0307,25.46,17
Birmingahm,Birmingham,8,Groceries,GR3506,14.35,34
Birmingahm,Birmingham,8,Groceries,GR0702,2.22,11
London,Oxford Street,1,Groceries,GR1489,29.27,7
Manchester,Salford,6,Groceries,GR7783,12.8,8
Leeds,Leeds,10,Groceries,GR3901,40.48,28
Manchester,Chorlton,7,Groceries,GR6598,18.56,1
Leeds,Leeds,10,Groceries,GR6067,32.72,3
Nottingham,Nottingham,9,Groceries,GR7803,26.52,11
Leeds,Leeds,10,Groceries,GR5550,36.43,1
London,Oxford Street,1,Groceries,GR7916,6.23,36
London,Stratford,4,Groceries,GR6074,19.42,37
Nottingham,Nottingham,9,Groceries,GR5322,19.88,3
Nottingham,Nottingham,9,Groceries,GR2952,33.58,30
Manchester,Chorlton,7,Groceries,GR8895,17.16,3
Nottingham,Nottingham,9,Groceries,GR7019,45.1,40
Manchester,Salford,6,Groceries,GR8588,23.34,5
London,Stratford,4,Groceries,GR9939,49.61,13
Nottingham,Nottingham,9,Groceries,GR3579,42.77,20
Manchester,Trafford,5,Groceries,GR5664,49.48,24
Manchester,Salford,6,Groceries,GR6290,37.29,43
London,Wembley,2,Groceries,GR0838,3.11,47
Manchester,Salford,6,Groceries,GR3300,33.64,8
Birmingahm,Birmingham,8,Groceries,GR8985,21.06,22
Manchester,Trafford,5,Groceries,GR9332,1.92,5
Manchester,Salford,6,Groceries,GR5852,33.45,20
London,Wembley,2,Groceries,GR3889,6.57,16
Nottingham,Nottingham,9,Groceries,GR7122,20.72,26
London,Wembley,2,Groceries,GR1543,21.67,31
London,Stratford,4,Groceries,GR0165,18.53,40
London,Oxford Street,1,Groceries,GR4822,26.76,40
Birmingahm,Birmingham,8,Groceries,GR7226,41.38,47
London,Stratford,4,Groceries,GR2661,42.98,28
Nottingham,Nottingham,9,Groceries,GR5914,16.56,27
London,Oxford Street,1,Groceries,GR2339,46.98,27
Manchester,Trafford,5,Groceries,GR1746,36.1,25
Manchester,Salford,6,Groceries,GR9573,41.09,33
Nottingham,Nottingham,9,Groceries,GR4886,35.69,20
London,Wembley,2,Groceries,GR6969,26.74,23
Manchester,Trafford,5,Groceries,GR9355,16.1,20
Leeds,Leeds,10,Groceries,GR1276,49.56,19
Manchester,Trafford,5,Groceries,GR9142,13.52,32
Manchester,Salford,6,Groceries,GR9169,36,41
Manchester,Salford,6,Groceries,GR7643,11.2,5
London,Stratford,4,Groceries,GR2369,19.58,12
London,Richmond,3,Groceries,GR9203,16.59,11
Manchester,Trafford,5,Groceries,GR3193,40.62,45
Manchester,Salford,6,Groceries,GR4091,32.41,3
London,Wembley,2,Groceries,GR9601,32.36,18
Manchester,Chorlton,7,Groceries,GR5927,41.23,14
Leeds,Leeds,10,Groceries,GR3038,26.71,7
London,Oxford Street,1,Groceries,GR2757,24.14,14
Manchester,Salford,6,Groceries,GR0339,42.27,9
Nottingham,Nottingham,9,Groceries,GR1862,16.93,13
Nottingham,Nottingham,9,Groceries,GR0041,9.39,40
London,Wembley,2,Groceries,GR5786,35.61,50
London,Wembley,2,Groceries,GR3323,12.16,39
London,Stratford,4,Groceries,GR6242,16.98,17
Manchester,Trafford,5,Groceries,GR6930,24.54,9
London,Richmond,3,Groceries,GR8989,19.24,26
Manchester,Trafford,5,Groceries,GR9046,15.42,29
Leeds,Leeds,10,Groceries,GR7913,43.78,32
London,Wembley,2,Groceries,GR1383,33.07,34
London,Wembley,2,Groceries,GR7799,34.7,19
London,Richmond,3,Groceries,GR3416,43.84,15
Manchester,Chorlton,7,Groceries,GR9424,26.52,23
London,Stratford,4,Groceries,GR5768,8.16,45
London,Richmond,3,Groceries,GR8363,49.06,49
London,Stratford,4,Groceries,GR6004,1.97,2
London,Oxford Street,1,Groceries,GR5934,48.21,47
Leeds,Leeds,10,Groceries,GR2484,13.86,28
Manchester,Trafford,5,Groceries,GR3299,39.71,40
Nottingham,Nottingham,9,Groceries,GR2048,25.8,9
London,Oxford Street,1,Groceries,GR8430,23.14,25
Birmingahm,Birmingham,8,Groceries,GR5606,11.7,35
London,Stratford,4,Groceries,GR9909,43.55,36
Leeds,Leeds,10,Groceries,GR2856,46.6,39
London,Wembley,2,Groceries,GR9908,27.37,25
Manchester,Trafford,5,Groceries,GR2405,25.1,36
Manchester,Salford,6,Groceries,GR6567,29.77,7
London,Wembley,2,Groceries,GR4924,16.99,19
Manchester,Trafford,5,Groceries,GR8884,24.94,1
Nottingham,Nottingham,9,Groceries,GR5082,42.27,33
Manchester,Trafford,5,Groceries,GR3723,32.77,21
Manchester,Trafford,5,Groceries,GR3802,2.58,39
Manchester,Salford,6,Groceries,GR6117,7.07,7
Manchester,Salford,6,Groceries,GR5419,48.93,44
Manchester,Trafford,5,Groceries,GR6476,38.03,35
Manchester,Chorlton,7,Groceries,GR9447,6.89,17
London,Stratford,4,Groceries,GR2345,36.93,13
Leeds,Leeds,10,Groceries,GR3326,6.26,22
Manchester,Trafford,5,Groceries,GR4359,10.31,18
Manchester,Chorlton,7,Groceries,GR2131,19.21,4
Leeds,Leeds,10,Groceries,GR7617,26.86,11
Manchester,Salford,6,Groceries,GR0974,41.06,21
Manchester,Trafford,5,Groceries,GR3115,3.21,15
Leeds,Leeds,10,Groceries,GR2944,32.38,50
Leeds,Leeds,10,Groceries,GR0238,12.68,44
Leeds,Leeds,10,Groceries,GR6070,28.23,27
Manchester,Trafford,5,Groceries,GR5436,37.26,23
Leeds,Leeds,10,Groceries,GR2429,44.22,28
Manchester,Chorlton,7,Groceries,GR4809,2.48,8
London,Wembley,2,Groceries,GR9086,28.2,14
London,Richmond,3,Groceries,GR7001,1.3,7
Birmingahm,Birmingham,8,Groceries,GR1657,18.6,48
Manchester,Trafford,5,Groceries,GR6844,40.52,7
Nottingham,Nottingham,9,Groceries,GR3345,30.65,5
London,Oxford Street,1,Groceries,GR8290,1.67,48
London,Richmond,3,Groceries,GR5174,27.81,29
Manchester,Salford,6,Groceries,GR2914,16.99,4
Nottingham,Nottingham,9,Groceries,GR4312,30.36,19
London,Wembley,2,Groceries,GR3126,19.69,8
Manchester,Chorlton,7,Groceries,GR5748,35.21,32
London,Richmond,3,Groceries,GR3213,34.2,30
Nottingham,Nottingham,9,Groceries,GR7311,48.15,11
London,Oxford Street,1,Groceries,GR0856,2.37,43
London,Oxford Street,1,Groceries,GR5422,9.2,2
Nottingham,Nottingham,9,Groceries,GR1080,46.84,32
Manchester,Chorlton,7,Groceries,GR8824,49.18,8
Manchester,Chorlton,7,Groceries,GR4975,25.85,29
London,Wembley,2,Groceries,GR6908,31.77,10
Nottingham,Nottingham,9,Groceries,GR8341,10.82,7
Manchester,Chorlton,7,Groceries,GR9932,41.51,15
Birmingahm,Birmingham,8,Groceries,GR2360,7.63,28
London,Wembley,2,Groceries,GR0666,5.58,46
London,Oxford Street,1,Groceries,GR5485,42.87,1
London,Wembley,2,Groceries,GR4122,47.51,17
Birmingahm,Birmingham,8,Groceries,GR4296,34.09,37
Nottingham,Nottingham,9,Groceries,GR0529,8.69,6
Manchester,Trafford,5,Groceries,GR9687,9.51,50
London,Oxford Street,1,Groceries,GR2323,30.46,30
Manchester,Chorlton,7,Groceries,GR9612,14.3,36
Birmingahm,Birmingham,8,Groceries,GR9669,4.34,41
London,Oxford Street,1,Groceries,GR7624,33.97,12
London,Wembley,2,Groceries,GR7762,34.43,11
Manchester,Chorlton,7,Groceries,GR8147,37.03,18
London,Wembley,2,Groceries,GR3854,16.74,7
Manchester,Trafford,5,Groceries,GR6581,14.85,3
Leeds,Leeds,10,Groceries,GR1278,26.05,46
London,Oxford Street,1,Groceries,GR3482,39.39,24
Birmingahm,Birmingham,8,Groceries,GR8416,23.89,6
London,Oxford Street,1,Groceries,GR8367,45.11,24
Manchester,Chorlton,7,Groceries,GR2417,8.9,25
London,Wembley,2,Groceries,GR5227,16.18,19
London,Stratford,4,Groceries,GR7186,31.4,34
Manchester,Trafford,5,Groceries,GR3251,20.15,49
London,Richmond,3,Groceries,GR3012,20.27,33
London,Oxford Street,1,Groceries,GR2261,38.2,50
Leeds,Leeds,10,Groceries,GR1565,4.71,30
Manchester,Salford,6,Groceries,GR5222,8.34,5
Nottingham,Nottingham,9,Groceries,GR1805,1.27,28
Manchester,Trafford,5,Groceries,GR7718,17.12,4
London,Oxford Street,1,Groceries,GR1124,44.48,45
London,Oxford Street,1,Groceries,GR0663,4.74,40
London,Oxford Street,1,Groceries,GR6243,38.9,44
Manchester,Chorlton,7,Groceries,GR0462,26.69,39
London,Stratford,4,Groceries,GR7594,35.78,7
Leeds,Leeds,10,Groceries,GR7679,40.06,43
London,Wembley,2,Groceries,GR4729,24.57,48
Manchester,Trafford,5,Groceries,GR4717,26.65,19
London,Wembley,2,Groceries,GR0609,40.24,13
London,Oxford Street,1,Groceries,GR4987,18.21,21
Nottingham,Nottingham,9,Groceries,GR1111,1.76,5
Birmingahm,Birmingham,8,Groceries,GR0294,11.77,14
Manchester,Chorlton,7,Groceries,GR1705,47.16,31
Leeds,Leeds,10,Groceries,GR9265,24.64,21
London,Oxford Street,1,Groceries,GR0135,36.24,48
Nottingham,Nottingham,9,Groceries,GR1368,28.03,15
London,Wembley,2,Groceries,GR8984,17.6,7
Manchester,Trafford,5,Groceries,GR2134,21.03,1
Leeds,Leeds,10,Groceries,GR7457,2.49,38
Leeds,Leeds,10,Groceries,GR1464,28.21,25
Manchester,Chorlton,7,Groceries,GR0353,45.09,39
Manchester,Chorlton,7,Groceries,GR7769,6.94,25
Manchester,Chorlton,7,Groceries,GR8873,44.92,7
Manchester,Salford,6,Groceries,GR1204,22.96,22
Manchester,Trafford,5,Groceries,GR9190,28.83,7
London,Stratford,4,Groceries,GR3888,43.45,45
Leeds,Leeds,10,Groceries,GR5071,33.7,50
Manchester,Trafford,5,Groceries,GR5148,30.48,19
London,Wembley,2,Groceries,GR4129,27.55,36
Birmingahm,Birmingham,8,Groceries,GR9614,29.4,11
Manchester,Salford,6,Groceries,GR3705,17.19,4
Manchester,Chorlton,7,Groceries,GR1380,33.35,18
Manchester,Trafford,5,Groceries,GR7451,5.45,11
Leeds,Leeds,10,Groceries,GR8774,28.83,32
London,Stratford,4,Groceries,GR3223,14.66,45
London,Oxford Street,1,Groceries,GR1834,13.98,15
London,Richmond,3,Groceries,GR7531,14.84,22
Manchester,Chorlton,7,Groceries,GR5122,1.9,18
London,Oxford Street,1,Groceries,GR2267,24.77,22
Leeds,Leeds,10,Groceries,GR5418,41.62,43
London,Richmond,3,Groceries,GR9904,4.69,8
London,Richmond,3,Groceries,GR0517,19.83,7
Birmingahm,Birmingham,8,Home,HO5328,41.77,31
Manchester,Salford,6,Home,HO4958,37.18,37
Manchester,Salford,6,Home,HO6178,36.05,29
London,Stratford,4,Home,HO2008,4.58,8
Nottingham,Nottingham,9,Home,HO3538,48.49,48
Birmingahm,Birmingham,8,Home,HO2488,4.37,41
Birmingahm,Birmingham,8,Home,HO1925,20.36,24
London,Wembley,2,Home,HO5083,23.42,45
London,Wembley,2,Home,HO2743,43.54,3
London,Stratford,4,Home,HO5327,43.08,2
Manchester,Trafford,5,Home,HO6386,14.61,1
London,Wembley,2,Home,HO0248,18.07,49
London,Stratford,4,Home,HO3701,49.7,4
Manchester,Trafford,5,Home,HO2236,39.91,38
Manchester,Chorlton,7,Home,HO7772,16,26
London,Richmond,3,Home,HO1570,11.88,29
Birmingahm,Birmingham,8,Home,HO0678,28.44,8
London,Stratford,4,Home,HO3396,6.8,50
London,Richmond,3,Home,HO2694,46.6,16
London,Stratford,4,Home,HO3752,12.23,50
Manchester,Trafford,5,Home,HO8441,33.33,7
Nottingham,Nottingham,9,Home,HO5395,44.16,15
London,Wembley,2,Home,HO1885,13.84,5
London,Wembley,2,Home,HO5815,48.44,10
London,Oxford Street,1,Home,HO8824,38.84,44
Birmingahm,Birmingham,8,Home,HO1363,47.98,2
Manchester,Chorlton,7,Home,HO4499,24.83,7
Manchester,Trafford,5,Home,HO4076,45.44,45
London,Oxford Street,1,Home,HO0492,10.03,38
London,Richmond,3,Home,HO9786,7.61,46
Nottingham,Nottingham,9,Home,HO5528,17.14,25
London,Richmond,3,Home,HO7552,37.15,25
Birmingahm,Birmingham,8,Home,HO6767,38.85,17
Manchester,Salford,6,Home,HO4412,20.2,14
Manchester,Chorlton,7,Home,HO2568,37.83,17
Manchester,Trafford,5,Home,HO0154,43.63,35
London,Stratford,4,Home,HO0526,31.1,5
Manchester,Trafford,5,Home,HO2863,12.96,5
Nottingham,Nottingham,9,Home,HO6732,3.96,33
Birmingahm,Birmingham,8,Home,HO6759,3.21,39
Leeds,Leeds,10,Home,HO3409,1.35,6
London,Richmond,3,Home,HO2912,15.87,18
Birmingahm,Birmingham,8,Home,HO4659,37.13,14
Leeds,Leeds,10,Home,HO1287,17.01,1
Manchester,Salford,6,Home,HO3455,21.57,29
Manchester,Chorlton,7,Home,HO1386,9.81,6
Manchester,Chorlton,7,Home,HO4915,31.03,45
Manchester,Salford,6,Home,HO8671,26.35,42
Manchester,Chorlton,7,Home,HO7575,43.84,3
London,Wembley,2,Home,HO4108,24.5,6
Leeds,Leeds,10,Home,HO9471,39.01,35
Leeds,Leeds,10,Home,HO3946,39.82,40
London,Wembley,2,Home,HO4338,12.68,14
Manchester,Chorlton,7,Home,HO1109,31.69,17
Nottingham,Nottingham,9,Home,HO2405,41.21,6
London,Richmond,3,Home,HO8789,28.94,43
London,Richmond,3,Home,HO6934,21.42,26
Birmingahm,Birmingham,8,Home,HO4249,34.89,49
Leeds,Leeds,10,Home,HO6529,28.8,34
London,Oxford Street,1,Home,HO6115,16.2,20
London,Stratford,4,Home,HO5731,7.96,12
London,Richmond,3,Home,HO8483,48.43,28
Nottingham,Nottingham,9,Home,HO2591,6.19,2
London,Stratford,4,Home,HO2794,39.11,50
London,Richmond,3,Home,HO9042,5.97,4
London,Oxford Street,1,Home,HO4001,39.46,49
London,Richmond,3,Home,HO7267,20.64,28
London,Richmond,3,Home,HO4439,34.65,4
London,Richmond,3,Home,HO4382,45.44,44
Nottingham,Nottingham,9,Home,HO1716,35.37,15
London,Richmond,3,Home,HO8556,6.46,49
London,Richmond,3,Home,HO3136,24.34,24
London,Oxford Street,1,Home,HO9759,17.89,9
Manchester,Chorlton,7,Home,HO6745,36.2,35
London,Richmond,3,Home,HO6886,18.95,6
Manchester,Trafford,5,Home,HO3552,36.94,36
Nottingham,Nottingham,9,Home,HO9259,44.64,33
Manchester,Salford,6,Home,HO1696,32.38,13
Leeds,Leeds,10,Home,HO7477,31.3,14
Manchester,Trafford,5,Home,HO5075,4.58,49
London,Richmond,3,Home,HO5722,24.45,22
London,Oxford Street,1,Home,HO9420,28.99,41
Nottingham,Nottingham,9,Home,HO9736,46.54,40
London,Oxford Street,1,Home,HO6605,23.25,32
London,Oxford Street,1,Home,HO5689,16.7,37
Nottingham,Nottingham,9,Home,HO3676,44.52,50
London,Wembley,2,Home,HO5960,27.42,1
Nottingham,Nottingham,9,Home,HO3554,40.1,44
Nottingham,Nottingham,9,Home,HO5751,26.97,3
Birmingahm,Birmingham,8,Home,HO2815,33.32,11
Manchester,Chorlton,7,Home,HO1915,29.62,5
Nottingham,Nottingham,9,Home,HO1993,38.66,40
London,Wembley,2,Home,HO6471,44.11,31
Manchester,Chorlton,7,Home,HO8671,1.12,10
Leeds,Leeds,10,Home,HO5606,28.29,30
London,Stratford,4,Home,HO8627,18.43,11
Birmingahm,Birmingham,8,Home,HO3701,5.82,32
Manchester,Trafford,5,Home,HO5776,9.95,43
Birmingahm,Birmingham,8,Home,HO5766,20.56,50
London,Stratford,4,Home,HO3360,31.93,2
Leeds,Leeds,10,Home,HO7385,48.65,21
Manchester,Salford,6,Home,HO3129,47,7
London,Richmond,3,Home,HO0394,49.92,30
Manchester,Trafford,5,Home,HO3762,28.66,26
Leeds,Leeds,10,Home,HO6573,4.39,22
London,Stratford,4,Home,HO0160,11.78,6
Manchester,Trafford,5,Home,HO4292,14.5,34
Manchester,Chorlton,7,Home,HO6637,34.8,37
London,Wembley,2,Home,HO2459,11.87,44
Manchester,Trafford,5,Home,HO8968,18.42,3
Leeds,Leeds,10,Home,HO5262,15.26,46
Birmingahm,Birmingham,8,Home,HO7283,31.64,39
Manchester,Trafford,5,Home,HO4539,5.52,7
London,Stratford,4,Home,HO5006,42.74,42
London,Oxford Street,1,Home,HO1397,19.42,11
Manchester,Salford,6,Home,HO7156,31.31,41
London,Stratford,4,Home,HO5171,45.53,4
Nottingham,Nottingham,9,Home,HO9342,34.49,10
London,Richmond,3,Home,HO6961,13.68,11
Birmingahm,Birmingham,8,Home,HO6163,7.24,11
Leeds,Leeds,10,Home,HO9098,32.23,19
London,Oxford Street,1,Home,HO6373,44.2,32
Manchester,Chorlton,7,Home,HO9672,37.17,13
Manchester,Trafford,5,Home,HO3021,24.35,33
London,Wembley,2,Home,HO2260,5.05,19
Nottingham,Nottingham,9,Home,HO1224,2.01,44
Birmingahm,Birmingham,8,Home,HO1136,36.27,46
Nottingham,Nottingham,9,Home,HO8253,19.79,31
London,Oxford Street,1,Home,HO2193,40.94,12
Leeds,Leeds,10,Home,HO0574,24.19,1
Birmingahm,Birmingham,8,Home,HO7020,33.31,5
Manchester,Trafford,5,Home,HO4868,8.58,23
Birmingahm,Birmingham,8,Home,HO1387,13.75,25
Manchester,Trafford,5,Home,HO3248,45.18,9
Nottingham,Nottingham,9,Home,HO7240,17.94,42
Manchester,Trafford,5,Home,HO6897,4.63,24
Leeds,Leeds,10,Home,HO3998,32.77,29
Manchester,Salford,6,Home,HO9931,35.36,18
Nottingham,Nottingham,9,Home,HO3232,35.72,13
London,Stratford,4,Home,HO6845,25.31,17
London,Oxford Street,1,Home,HO3023,6.09,49
Leeds,Leeds,10,Home,HO8189,25.56,7
London,Stratford,4,Home,HO6449,14.46,34
Nottingham,Nottingham,9,Home,HO2790,40.4,33
London,Richmond,3,Home,HO6772,1.98,41
Manchester,Salford,6,Home,HO5195,26.86,35
Leeds,Leeds,10,Home,HO5222,48.01,22
London,Oxford Street,1,Home,HO8557,23.17,19
Manchester,Trafford,5,Home,HO1341,40.52,39
Manchester,Chorlton,7,Home,HO6567,8.11,47
Manchester,Chorlton,7,Home,HO2459,11.87,11
Nottingham,Nottingham,9,Home,HO2459,11.87,41
Manchester,Trafford,5,Home,HO6163,7.24,25
London,Wembley,2,Home,HO7345,46.69,50
Manchester,Trafford,5,Home,HO6445,9.89,41
London,Richmond,3,Home,HO9874,18.89,12
London,Wembley,2,Home,HO8725,46.9,10
Manchester,Trafford,5,Home,HO3407,43.66,1
London,Richmond,3,Home,HO9089,11.22,42
Manchester,Trafford,5,Home,HO4424,8.19,10
Birmingahm,Birmingham,8,Home,HO0448,25.69,3
London,Richmond,3,Home,HO6228,35.71,18
Leeds,Leeds,10,Home,HO4136,35.84,27
Manchester,Trafford,5,Home,HO2438,23.34,41
Manchester,Trafford,5,Home,HO3843,21.06,22
Manchester,Trafford,5,Home,HO5392,43.81,43
Nottingham,Nottingham,9,Home,HO6840,36.2,46
Manchester,Trafford,5,Home,HO7869,47.01,13
London,Richmond,3,Home,HO2502,5.22,27
Manchester,Trafford,5,Home,HO4750,23.66,31
Leeds,Leeds,10,Home,HO4448,2.32,26
London,Stratford,4,Home,HO1323,6,48
London,Wembley,2,Home,HO2543,48.07,25
Birmingahm,Birmingham,8,Home,HO8378,17.13,6
Manchester,Salford,6,Home,HO3849,44.87,13
Birmingahm,Birmingham,8,Home,HO0235,16.08,43
London,Oxford Street,1,Home,HO6762,22.33,36
Manchester,Trafford,5,Home,HO3474,17.23,28
Birmingahm,Birmingham,8,Home,HO3676,24.83,45
Nottingham,Nottingham,9,Home,HO9387,48.71,28
Manchester,Trafford,5,Home,HO8606,36.05,25
London,Stratford,4,Home,HO4446,19.48,22
Manchester,Salford,6,Home,HO0803,40.02,15
Leeds,Leeds,10,Home,HO7504,14.64,49
Leeds,Leeds,10,Home,HO3725,39.42,18
Nottingham,Nottingham,9,Home,HO2087,9.02,4
London,Oxford Street,1,Home,HO9596,37.5,16
Manchester,Salford,6,Home,HO3152,4.19,14
Manchester,Chorlton,7,Home,HO0794,2.62,34
Leeds,Leeds,10,Home,HO4738,27.95,22
London,Stratford,4,Home,HO5847,20.08,15
London,Richmond,3,Home,HO4141,24.48,15
Manchester,Salford,6,Home,HO5042,2.76,50
Nottingham,Nottingham,9,Home,HO1659,25.1,17
Birmingahm,Birmingham,8,Home,HO6024,49.85,32
Birmingahm,Birmingham,8,Home,HO2921,3.32,19
Manchester,Chorlton,7,Home,HO9954,33.68,21
London,Stratford,4,Home,HO3372,13.38,17
Manchester,Chorlton,7,Home,HO0277,19,31
Nottingham,Nottingham,9,Home,HO6902,35.85,18
London,Oxford Street,1,Home,HO9211,2.75,35
Manchester,Trafford,5,Home,HO0918,47.16,7
London,Richmond,3,Home,HO7329,3.77,16
Leeds,Leeds,10,Home,HO8429,1.37,26
London,Oxford Street,1,Home,HO9185,33.25,28
Manchester,Salford,6,Home,HO1814,45.93,36
Manchester,Salford,6,Home,HO8761,23.45,23
London,Richmond,3,Home,HO0655,32.99,37
Leeds,Leeds,10,Home,HO5173,6.11,27
London,Stratford,4,Home,HO5376,15.35,20
Manchester,Salford,6,Home,HO8894,29.36,24
Leeds,Leeds,10,Home,HO7473,8.62,31
Manchester,Salford,6,Home,HO9773,47.99,28
London,Oxford Street,1,Home,HO4907,21.23,21
London,Richmond,3,Home,HO8993,11.36,10
Birmingahm,Birmingham,8,Home,HO5705,24.39,7
Nottingham,Nottingham,9,Home,HO5970,20.53,40
Manchester,Trafford,5,Home,HO7372,29.73,28
Nottingham,Nottingham,9,Home,HO2314,1.76,26
Nottingham,Nottingham,9,Home,HO5742,29.94,7
Leeds,Leeds,10,Home,HO1003,26.87,50
London,Stratford,4,Home,HO8042,31.27,25
Nottingham,Nottingham,9,Home,HO0245,6.62,25
London,Wembley,2,Home,HO7673,37.29,6
Nottingham,Nottingham,9,Home,HO1081,9.96,13
London,Oxford Street,1,Home,HO2234,41.21,33
London,Stratford,4,Home,HO7344,43.18,10
Manchester,Trafford,5,Home,HO8643,44.3,13
Nottingham,Nottingham,9,Home,HO7313,47.27,40
Nottingham,Nottingham,9,Home,HO6412,29.75,6
Nottingham,Nottingham,9,Home,HO9161,2.32,19
London,Wembley,2,Home,HO6438,16.26,12
Manchester,Chorlton,7,Home,HO9189,20.65,44
London,Wembley,2,Home,HO4652,46.2,22
Nottingham,Nottingham,9,Home,HO3700,14.9,4
Manchester,Salford,6,Home,HO6829,12.29,43
Leeds,Leeds,10,Home,HO6474,23.34,9
London,Wembley,2,Home,HO6953,15,22
London,Oxford Street,1,Home,HO3112,33.2,5
Leeds,Leeds,10,Home,HO5793,25.7,21
Manchester,Trafford,5,Home,HO1275,27.05,49
Birmingahm,Birmingham,8,Home,HO1029,13.1,39
Leeds,Leeds,10,Home,HO3523,43.07,32
Birmingahm,Birmingham,8,Home,HO6666,13.96,22
London,Stratford,4,Home,HO0399,1.72,8
Leeds,Leeds,10,Home,HO0583,7.98,25
London,Stratford,4,Home,HO5411,44.08,41
Manchester,Chorlton,7,Home,HO6759,14.6,12
Manchester,Chorlton,7,Home,HO9844,37.13,11
Manchester,Salford,6,Home,HO0694,27.93,24
London,Oxford Street,1,Home,HO7072,4.07,47
Birmingahm,Birmingham,8,Home,HO5726,29.82,40
London,Wembley,2,Home,HO4569,1.42,50
Birmingahm,Birmingham,8,Clothes,CL6046,48.86,9
Birmingahm,Birmingham,8,Clothes,CL5219,2.46,21
Leeds,Leeds,10,Clothes,CL9270,26.09,39
London,Wembley,2,Clothes,CL3593,32.81,36
Nottingham,Nottingham,9,Clothes,CL7624,45.17,37
Manchester,Salford,6,Clothes,CL8410,35.21,5
London,Richmond,3,Clothes,CL1073,39.12,27
Manchester,Salford,6,Clothes,CL2328,1.46,12
Birmingahm,Birmingham,8,Clothes,CL9716,43.44,49
London,Richmond,3,Clothes,CL5633,6.09,9
Manchester,Trafford,5,Clothes,CL4613,41.31,43
Leeds,Leeds,10,Clothes,CL9572,38.69,32
London,Stratford,4,Clothes,CL6021,16.98,5
Birmingahm,Birmingham,8,Clothes,CL5168,30.35,16
Manchester,Trafford,5,Clothes,CL8171,2.42,5
Nottingham,Nottingham,9,Clothes,CL1394,43.25,47
Manchester,Salford,6,Clothes,CL3205,10.11,22
London,Richmond,3,Clothes,CL2292,46.52,19
London,Wembley,2,Clothes,CL7633,21.07,16
Leeds,Leeds,10,Clothes,CL3275,38.51,43
Manchester,Salford,6,Clothes,CL2430,29.38,48
Leeds,Leeds,10,Clothes,CL7906,14.2,1
Birmingahm,Birmingham,8,Clothes,CL8951,9.49,25
Nottingham,Nottingham,9,Clothes,CL5171,23.79,31
London,Oxford Street,1,Clothes,CL6650,47.67,39
Manchester,Trafford,5,Clothes,CL3882,15.07,39
Manchester,Chorlton,7,Clothes,CL3475,36.84,34
London,Richmond,3,Clothes,CL1284,6.29,13
London,Oxford Street,1,Clothes,CL7028,41.02,2
London,Oxford Street,1,Clothes,CL6337,14.26,21
London,Wembley,2,Clothes,CL4378,15.35,19
Manchester,Trafford,5,Clothes,CL1247,32.58,25
London,Stratford,4,Clothes,CL9635,27.99,34
Leeds,Leeds,10,Clothes,CL5140,1.81,23
Birmingahm,Birmingham,8,Clothes,CL3079,18.09,13
Manchester,Trafford,5,Clothes,CL0028,28.56,30
Manchester,Chorlton,7,Clothes,CL3818,6.79,31
London,Wembley,2,Clothes,CL6990,25.26,9
Manchester,Salford,6,Clothes,CL2674,48.5,33
Manchester,Trafford,5,Clothes,CL5115,42.29,37
Leeds,Leeds,10,Clothes,CL4593,34.57,23
Manchester,Salford,6,Clothes,CL2155,6.2,47
London,Richmond,3,Clothes,CL6054,13.01,42
Leeds,Leeds,10,Clothes,CL1592,26.68,20
Manchester,Trafford,5,Clothes,CL2080,10.72,42
Nottingham,Nottingham,9,Clothes,CL3321,18.06,15
Manchester,Salford,6,Clothes,CL5222,10.19,16
London,Oxford Street,1,Clothes,CL1168,33.19,29
London,Oxford Street,1,Clothes,CL6518,10.67,5
London,Stratford,4,Clothes,CL0346,9.57,14
Birmingahm,Birmingham,8,Clothes,CL4916,29.88,10
Manchester,Chorlton,7,Clothes,CL4020,47.92,38
Leeds,Leeds,10,Clothes,CL5675,25.39,35
Manchester,Chorlton,7,Clothes,CL3095,4.94,39
Manchester,Trafford,5,Clothes,CL4783,15.3,50
Leeds,Leeds,10,Clothes,CL8294,18.94,19
London,Stratford,4,Clothes,CL7663,24.6,39
Leeds,Leeds,10,Clothes,CL1390,22.1,39
Manchester,Chorlton,7,Clothes,CL1410,31.56,16
Leeds,Leeds,10,Clothes,CL9083,21.75,49
London,Stratford,4,Clothes,CL8608,37.57,5
London,Richmond,3,Clothes,CL6300,16.37,9
Birmingahm,Birmingham,8,Clothes,CL9729,5.45,12
London,Oxford Street,1,Clothes,CL3022,45.95,8
Birmingahm,Birmingham,8,Clothes,CL2847,4.95,16
Nottingham,Nottingham,9,Clothes,CL8033,23.09,7
London,Wembley,2,Clothes,CL0652,26.8,46
London,Stratford,4,Clothes,CL1235,4.83,26
London,Richmond,3,Clothes,CL8126,32.91,6
London,Richmond,3,Clothes,CL3484,26.07,47
London,Oxford Street,1,Clothes,CL1146,30.42,4
London,Wembley,2,Clothes,CL8530,2.73,40
London,Wembley,2,Clothes,CL3011,23.2,14
Birmingahm,Birmingham,8,Clothes,CL2224,46.19,38
Manchester,Salford,6,Clothes,CL7928,48.57,8
Leeds,Leeds,10,Clothes,CL7729,34.88,25
London,Oxford Street,1,Clothes,CL2409,34.37,45
London,Oxford Street,1,Clothes,CL2060,38.21,24
Nottingham,Nottingham,9,Clothes,CL2186,45.3,42
Leeds,Leeds,10,Clothes,CL0274,24.99,47
Manchester,Salford,6,Clothes,CL8498,45.49,26
London,Oxford Street,1,Clothes,CL7199,29.41,20
Manchester,Salford,6,Clothes,CL8040,12.26,21
Birmingahm,Birmingham,8,Clothes,CL6552,17.37,3
Manchester,Salford,6,Clothes,CL8241,8.83,10
Manchester,Salford,6,Clothes,CL7181,20.68,45
London,Oxford Street,1,Clothes,CL4430,28.73,16
London,Richmond,3,Clothes,CL1359,37.01,36
Nottingham,Nottingham,9,Clothes,CL6870,28.42,50
London,Wembley,2,Clothes,CL6331,16.51,9
Manchester,Chorlton,7,Clothes,CL4854,17.1,30
Manchester,Salford,6,Clothes,CL8255,11.18,11
Manchester,Salford,6,Clothes,CL1192,45.19,8
Leeds,Leeds,10,Clothes,CL2606,49.93,17
Manchester,Trafford,5,Clothes,CL1877,12.43,5
London,Oxford Street,1,Clothes,CL6275,46.5,5
Manchester,Chorlton,7,Clothes,CL5984,8.52,27
Leeds,Leeds,10,Clothes,CL9329,33.29,12
London,Oxford Street,1,Clothes,CL9704,7.06,19
Manchester,Salford,6,Clothes,CL8342,49.02,45
Leeds,Leeds,10,Clothes,CL8403,19.93,48
London,Oxford Street,1,Clothes,CL1565,32.04,2
London,Oxford Street,1,Clothes,CL1607,44.26,29
Birmingahm,Birmingham,8,Clothes,CL6903,18.8,25
Manchester,Trafford,5,Clothes,CL5743,30.3,17
Manchester,Trafford,5,Clothes,CL4768,27.5,23
Manchester,Chorlton,7,Clothes,CL1520,38.6,15
London,Oxford Street,1,Clothes,CL9177,20.53,40
London,Stratford,4,Clothes,CL3298,47.41,21
London,Richmond,3,Clothes,CL8338,19.96,9
London,Richmond,3,Clothes,CL3381,47.3,33
Manchester,Trafford,5,Clothes,CL0348,38.93,22
London,Stratford,4,Clothes,CL1956,18.73,50
Birmingahm,Birmingham,8,Clothes,CL2711,41.67,28
Leeds,Leeds,10,Clothes,CL6288,25.57,41
Manchester,Trafford,5,Clothes,CL1064,35.92,37
Leeds,Leeds,10,Clothes,CL5386,40.96,8
Leeds,Leeds,10,Clothes,CL3393,39.32,22
Leeds,Leeds,10,Clothes,CL2832,14.81,8
London,Wembley,2,Clothes,CL2867,5.18,10
Nottingham,Nottingham,9,Clothes,CL1404,4.18,9
Leeds,Leeds,10,Clothes,CL7679,1.25,34
Nottingham,Nottingham,9,Clothes,CL2515,25.7,30
Nottingham,Nottingham,9,Clothes,CL1888,15.7,17
London,Stratford,4,Clothes,CL8292,40.53,48
Manchester,Chorlton,7,Clothes,CL1392,5.01,40
Manchester,Trafford,5,Clothes,CL6681,48.31,27
Manchester,Trafford,5,Clothes,CL5086,28.28,38
Birmingahm,Birmingham,8,Clothes,CL9777,27.57,13
Manchester,Trafford,5,Clothes,CL3528,48.71,20
London,Wembley,2,Clothes,CL0454,19.6,47
Manchester,Trafford,5,Clothes,CL1928,15.84,40
London,Stratford,4,Clothes,CL3043,11.96,18
Nottingham,Nottingham,9,Clothes,CL4891,13.15,32
London,Richmond,3,Clothes,CL9868,18.53,20
London,Oxford Street,1,Clothes,CL3319,15.66,37
Birmingahm,Birmingham,8,Clothes,CL6850,12.29,50
Leeds,Leeds,10,Clothes,CL7538,43.43,48
Nottingham,Nottingham,9,Clothes,CL2578,17.27,34
Manchester,Salford,6,Clothes,CL1218,31.61,48
Manchester,Chorlton,7,Clothes,CL0996,30.81,30
London,Richmond,3,Clothes,CL0066,8.98,3
Nottingham,Nottingham,9,Clothes,CL3533,27.42,20
Birmingahm,Birmingham,8,Clothes,CL0466,46.97,6
Manchester,Trafford,5,Clothes,CL0056,19.42,50
Nottingham,Nottingham,9,Clothes,CL9712,15.59,3
London,Stratford,4,Clothes,CL7417,47.85,37
Nottingham,Nottingham,9,Clothes,CL7134,16.79,45
London,Stratford,4,Clothes,CL3521,40.88,46
Nottingham,Nottingham,9,Clothes,CL0864,47.6,43
London,Stratford,4,Clothes,CL9049,27.97,18
Manchester,Chorlton,7,Clothes,CL9658,41.75,41
Manchester,Salford,6,Clothes,CL9186,21.15,15
Manchester,Salford,6,Clothes,CL8744,20.82,32
Manchester,Chorlton,7,Clothes,CL3513,9.18,13
Nottingham,Nottingham,9,Clothes,CL5939,36.5,48
London,Oxford Street,1,Clothes,CL8966,34.14,15
Manchester,Chorlton,7,Clothes,CL1510,11.14,11
Birmingahm,Birmingham,8,Clothes,CL5865,33.43,46
Birmingahm,Birmingham,8,Clothes,CL7854,28.63,17
Nottingham,Nottingham,9,Clothes,CL4142,44.34,14
Manchester,Chorlton,7,Clothes,CL2340,46.05,15
Birmingahm,Birmingham,8,Clothes,CL0531,27.6,44
London,Wembley,2,Clothes,CL7938,3.84,50
Nottingham,Nottingham,9,Clothes,CL4699,16.09,25
Nottingham,Nottingham,9,Clothes,CL9745,24.66,19
Manchester,Chorlton,7,Clothes,CL4818,44.67,39
London,Richmond,3,Clothes,CL1075,31.95,11
London,Wembley,2,Clothes,CL9747,10.21,19
London,Oxford Street,1,Clothes,CL0082,3.32,23
London,Stratford,4,Clothes,CL8089,32.38,11
Birmingahm,Birmingham,8,Clothes,CL1983,4.01,25
London,Wembley,2,Clothes,CL5293,42.77,23
Manchester,Chorlton,7,Clothes,CL5430,22.69,48
London,Stratford,4,Clothes,CL0335,22.4,5
Manchester,Trafford,5,Clothes,CL6047,8.03,16
Nottingham,Nottingham,9,Clothes,CL4482,33.28,15
Manchester,Chorlton,7,Clothes,CL0062,3.52,2
Manchester,Trafford,5,Clothes,CL4733,22.17,20
London,Richmond,3,Clothes,CL7185,48.74,47
Nottingham,Nottingham,9,Clothes,CL9348,27.97,23
Manchester,Salford,6,Clothes,CL6613,16.51,3
Nottingham,Nottingham,9,Clothes,CL1266,49.55,8
Manchester,Chorlton,7,Clothes,CL7449,39.31,8
London,Richmond,3,Clothes,CL1960,3.25,47
Birmingahm,Birmingham,8,Clothes,CL2836,2.16,50
London,Richmond,3,Clothes,CL9098,42.14,13
Leeds,Leeds,10,Clothes,CL2539,37.13,44
Manchester,Salford,6,Clothes,CL7884,47.78,42
London,Richmond,3,Clothes,CL6876,11.68,49
Manchester,Salford,6,Clothes,CL4734,46.06,14
London,Oxford Street,1,Clothes,CL2223,18.31,49
London,Oxford Street,1,Clothes,CL4270,22.59,23
London,Richmond,3,Clothes,CL0910,36.96,48
Nottingham,Nottingham,9,Clothes,CL1701,28.56,22
Birmingahm,Birmingham,8,Clothes,CL6722,13.38,27
London,Stratford,4,Clothes,CL3625,4.45,48
Manchester,Trafford,5,Clothes,CL5167,22.31,8
Manchester,Salford,6,Clothes,CL8248,27.86,11
Nottingham,Nottingham,9,Clothes,CL2151,3.27,25
London,Wembley,2,Clothes,CL2420,25.73,40
Manchester,Salford,6,Clothes,CL8447,9.08,42
London,Richmond,3,Clothes,CL2926,45.64,22
Nottingham,Nottingham,9,Clothes,CL1442,4.34,20
London,Stratford,4,Clothes,CL8747,10.5,48
Manchester,Salford,6,Clothes,CL8337,15.55,45
London,Wembley,2,Clothes,CL5533,7.67,9
Manchester,Chorlton,7,Clothes,CL5160,33.55,8
Manchester,Salford,6,Clothes,CL8193,22.9,34
Manchester,Salford,6,Clothes,CL6706,4.59,15
London,Stratford,4,Clothes,CL9286,10.82,3
Manchester,Salford,6,Clothes,CL9248,5.2,17
Manchester,Chorlton,7,Clothes,CL3397,10.11,18
Nottingham,Nottingham,9,Clothes,CL4979,12.22,42
London,Oxford Street,1,Clothes,CL9149,34.1,3
Manchester,Chorlton,7,Clothes,CL8487,48.4,37
Leeds,Leeds,10,Clothes,CL7497,21.73,9
Leeds,Leeds,10,Clothes,CL5835,45.41,31
Manchester,Salford,6,Clothes,CL1682,28.07,47
Leeds,Leeds,10,Clothes,CL7375,26.5,46
London,Wembley,2,Clothes,CL2702,3.18,33
Nottingham,Nottingham,9,Clothes,CL8073,34.56,14
Manchester,Chorlton,7,Clothes,CL4795,37.4,49
Manchester,Trafford,5,Clothes,CL2751,38.82,9
London,Wembley,2,Clothes,CL7862,42.34,8
Leeds,Leeds,10,Clothes,CL7481,33.72,16
London,Oxford Street,1,Clothes,CL8435,19.04,43
London,Richmond,3,Clothes,CL9264,32.94,13
Leeds,Leeds,10,Clothes,CL7376,2.13,8
London,Oxford Street,1,Clothes,CL3824,13.76,44
Birmingahm,Birmingham,8,Clothes,CL2066,15.82,22
London,Stratford,4,Clothes,CL0602,10.89,16
Manchester,Chorlton,7,Clothes,CL9772,9.57,30
Nottingham,Nottingham,9,Clothes,CL5441,31.24,26
Leeds,Leeds,10,Clothes,CL1156,24.81,8
Nottingham,Nottingham,9,Clothes,CL0608,48.01,27
Leeds,Leeds,10,Clothes,CL5672,23.18,45
Manchester,Chorlton,7,Clothes,CL6138,7.55,50
London,Wembley,2,Clothes,CL9371,14.97,11
Nottingham,Nottingham,9,Clothes,CL2210,26.31,46
London,Stratford,4,Clothes,CL8496,10.44,36
London,Richmond,3,Clothes,CL9185,31.39,39
Manchester,Salford,6,Clothes,CL4041,39.03,16
London,Oxford Street,1,Clothes,CL6397,37,39
London,Wembley,2,Clothes,CL1672,2.89,26
London,Wembley,2,Clothes,CL6546,5.95,25
Birmingahm,Birmingham,8,Clothes,CL6516,44.89,21
Manchester,Trafford,5,Clothes,CL0480,30.79,13
Manchester,Salford,6,Clothes,CL9996,43.73,1
Manchester,Chorlton,7,Clothes,CL5338,18.77,23
Manchester,Chorlton,7,Beauty,BE6491,3.28,18
London,Stratford,4,Beauty,BE8060,37.23,10
London,Richmond,3,Beauty,BE6316,42.19,1
Manchester,Chorlton,7,Beauty,BE8677,42.68,41
London,Wembley,2,Beauty,BE7820,23.33,28
Nottingham,Nottingham,9,Beauty,BE5492,25.21,27
Manchester,Trafford,5,Beauty,BE3523,38.92,3
Manchester,Trafford,5,Beauty,BE4279,31.12,10
London,Stratford,4,Beauty,BE5758,37.29,46
London,Oxford Street,1,Beauty,BE4733,43.39,11
Nottingham,Nottingham,9,Beauty,BE5201,44.6,49
Nottingham,Nottingham,9,Beauty,BE0843,23.93,50
Manchester,Chorlton,7,Beauty,BE5445,11.37,25
Birmingahm,Birmingham,8,Beauty,BE9334,45.89,4
Leeds,Leeds,10,Beauty,BE1113,13.9,46
Manchester,Trafford,5,Beauty,BE3953,15.28,49
Manchester,Trafford,5,Beauty,BE0756,12.71,31
London,Wembley,2,Beauty,BE1111,22.26,43
Manchester,Salford,6,Beauty,BE6022,44.21,4
Birmingahm,Birmingham,8,Beauty,BE2970,47.57,15
London,Wembley,2,Beauty,BE3466,38.53,8
Manchester,Chorlton,7,Beauty,BE3233,46.97,1
London,Stratford,4,Beauty,BE8728,31.22,47
Nottingham,Nottingham,9,Beauty,BE1807,21.36,4
London,Stratford,4,Beauty,BE8691,36.47,46
London,Stratford,4,Beauty,BE1371,21.44,48
Nottingham,Nottingham,9,Beauty,BE7205,23.47,16
London,Richmond,3,Beauty,BE6314,35.76,12
Nottingham,Nottingham,9,Beauty,BE2234,27.19,27
London,Richmond,3,Beauty,BE2186,1.81,34
Manchester,Salford,6,Beauty,BE3852,24.85,37
Leeds,Leeds,10,Beauty,BE3878,23.77,35
Birmingahm,Birmingham,8,Beauty,BE1778,26.94,42
London,Wembley,2,Beauty,BE1904,7.92,33
London,Richmond,3,Beauty,BE8873,8.02,35
Manchester,Chorlton,7,Beauty,BE6246,35.23,39
London,Stratford,4,Beauty,BE4642,16.18,6
London,Richmond,3,Beauty,BE2668,8.7,13
London,Wembley,2,Beauty,BE1429,11.99,17
Manchester,Chorlton,7,Beauty,BE4900,40.34,8
Nottingham,Nottingham,9,Beauty,BE7333,7.97,23
Nottingham,Nottingham,9,Beauty,BE3766,18.72,3
London,Richmond,3,Beauty,BE0504,6.25,33
Manchester,Salford,6,Beauty,BE1045,17.36,25
London,Stratford,4,Beauty,BE0298,34,49
London,Wembley,2,Beauty,BE7644,41.74,27
Leeds,Leeds,10,Beauty,BE7608,25.34,11
London,Stratford,4,Beauty,BE3769,9.34,37
Nottingham,Nottingham,9,Beauty,BE6504,35.43,26
Birmingahm,Birmingham,8,Beauty,BE2416,47.75,45
London,Wembley,2,Beauty,BE6766,4.67,30
Manchester,Salford,6,Beauty,BE6216,5.55,17
Manchester,Trafford,5,Beauty,BE5153,43.59,45
Manchester,Chorlton,7,Beauty,BE5004,37.29,5
Manchester,Chorlton,7,Beauty,BE7034,33.9,11
Birmingahm,Birmingham,8,Beauty,BE5720,28.94,8
Manchester,Salford,6,Beauty,BE6627,20.45,25
Leeds,Leeds,10,Beauty,BE0223,18.42,24
Manchester,Trafford,5,Beauty,BE7222,5.9,24
Birmingahm,Birmingham,8,Beauty,BE7427,10.66,22
Nottingham,Nottingham,9,Beauty,BE7279,31.95,45
London,Wembley,2,Beauty,BE3604,30.42,27
London,Richmond,3,Beauty,BE7473,49.41,10
Manchester,Trafford,5,Beauty,BE9143,30.97,16
London,Richmond,3,Beauty,BE4575,41.61,19
London,Wembley,2,Beauty,BE7504,16.89,14
London,Wembley,2,Beauty,BE1066,19.31,35
London,Richmond,3,Beauty,BE9002,5.67,24
Manchester,Salford,6,Beauty,BE1727,34.8,18
Manchester,Trafford,5,Beauty,BE1090,15.4,44
Leeds,Leeds,10,Beauty,BE9566,32.22,38
Birmingahm,Birmingham,8,Beauty,BE9032,43.73,50
Nottingham,Nottingham,9,Beauty,BE0528,46.29,2
Birmingahm,Birmingham,8,Beauty,BE5488,45.63,11
Manchester,Chorlton,7,Beauty,BE3932,29.41,35
Manchester,Salford,6,Beauty,BE1388,16.63,1
Birmingahm,Birmingham,8,Beauty,BE9499,2.67,23
London,Richmond,3,Beauty,BE1798,35.01,22
Birmingahm,Birmingham,8,Beauty,BE2652,31.49,48
Nottingham,Nottingham,9,Beauty,BE0557,7.21,2
London,Wembley,2,Beauty,BE9213,35.43,31
Manchester,Trafford,5,Beauty,BE9833,3.87,48
Birmingahm,Birmingham,8,Beauty,BE1793,38.76,20
London,Stratford,4,Beauty,BE9005,8.12,34
Manchester,Chorlton,7,Beauty,BE6586,44.76,12
Manchester,Trafford,5,Beauty,BE2585,38.13,13
Manchester,Salford,6,Beauty,BE7172,6.66,34
Birmingahm,Birmingham,8,Beauty,BE0945,44.28,12
Leeds,Leeds,10,Beauty,BE3362,18.42,11
Leeds,Leeds,10,Beauty,BE5371,15.99,46
Manchester,Trafford,5,Beauty,BE0108,15.93,32
Manchester,Salford,6,Beauty,BE3302,5.79,48
London,Oxford Street,1,Beauty,BE6004,25.02,18
London,Richmond,3,Beauty,BE4357,15.4,21
Nottingham,Nottingham,9,Beauty,BE1616,23.98,29
Manchester,Trafford,5,Beauty,BE8885,16.95,49
Nottingham,Nottingham,9,Beauty,BE0302,2.68,34
London,Wembley,2,Beauty,BE5498,2.98,20
London,Wembley,2,Beauty,BE8721,8.45,7
London,Stratford,4,Beauty,BE6308,47.32,6
Manchester,Salford,6,Beauty,BE5598,4.26,13
Manchester,Salford,6,Beauty,BE1578,3.97,42
London,Wembley,2,Beauty,BE8151,34.99,9
Leeds,Leeds,10,Beauty,BE3541,36.69,39
Manchester,Trafford,5,Beauty,BE6223,44.39,28
London,Stratford,4,Beauty,BE7345,40.69,35
Nottingham,Nottingham,9,Beauty,BE7714,24.98,44
Nottingham,Nottingham,9,Beauty,BE0683,41.87,42
London,Wembley,2,Beauty,BE6108,14.41,9
London,Richmond,3,Beauty,BE0479,33.34,6
Nottingham,Nottingham,9,Beauty,BE5615,35.56,22
London,Wembley,2,Beauty,BE5931,6.04,16
Nottingham,Nottingham,9,Beauty,BE3423,49.87,3
Manchester,Salford,6,Beauty,BE0606,42.75,45
London,Stratford,4,Beauty,BE3424,4.3,49
London,Oxford Street,1,Beauty,BE3857,43.8,30
Nottingham,Nottingham,9,Beauty,BE7944,23.67,18
Birmingahm,Birmingham,8,Beauty,BE1572,33.66,11
London,Wembley,2,Beauty,BE0636,20.82,41
Manchester,Trafford,5,Beauty,BE8750,10.11,8
Leeds,Leeds,10,Beauty,BE5651,15.29,9
London,Stratford,4,Beauty,BE7639,11.5,6
Manchester,Salford,6,Beauty,BE7937,5.71,44
Leeds,Leeds,10,Beauty,BE4764,48.77,33
London,Oxford Street,1,Beauty,BE9963,17.69,42
Manchester,Trafford,5,Beauty,BE3298,15.15,20
Nottingham,Nottingham,9,Beauty,BE2761,10.98,33
London,Stratford,4,Beauty,BE2649,39.03,24
London,Stratford,4,Beauty,BE4503,41.6,20
Birmingahm,Birmingham,8,Beauty,BE9835,30.7,26
Leeds,Leeds,10,Beauty,BE8264,44.38,25
Manchester,Salford,6,Beauty,BE1212,21.09,27
London,Wembley,2,Beauty,BE7022,37.89,37
London,Oxford Street,1,Beauty,BE6926,19.72,47
Manchester,Salford,6,Beauty,BE5676,19.93,34
Manchester,Salford,6,Beauty,BE2005,21.99,23
Manchester,Trafford,5,Beauty,BE5643,15.04,8
Birmingahm,Birmingham,8,Beauty,BE5986,19.12,35
Manchester,Trafford,5,Beauty,BE7814,27.2,49
Leeds,Leeds,10,Beauty,BE1793,7.8,2
Leeds,Leeds,10,Beauty,BE8539,13.54,38
Birmingahm,Birmingham,8,Beauty,BE2982,11,29
London,Wembley,2,Beauty,BE7443,11.81,50
Nottingham,Nottingham,9,Beauty,BE9099,36.39,16
Leeds,Leeds,10,Beauty,BE6021,37.47,24
Nottingham,Nottingham,9,Beauty,BE7831,38.27,18
London,Richmond,3,Beauty,BE3839,44.83,45
Birmingahm,Birmingham,8,Beauty,BE6553,32.13,44
London,Stratford,4,Beauty,BE6928,43.03,3
Manchester,Salford,6,Beauty,BE2476,40.64,12
London,Oxford Street,1,Beauty,BE0314,1.69,49
London,Wembley,2,Beauty,BE7543,11.73,39
Nottingham,Nottingham,9,Beauty,BE6126,44.03,26
Manchester,Trafford,5,Beauty,BE2543,22.16,26
London,Richmond,3,Beauty,BE3461,17.24,15
Manchester,Chorlton,7,Beauty,BE0426,8.3,25
Nottingham,Nottingham,9,Beauty,BE2454,10.22,18
London,Stratford,4,Beauty,BE5241,9.5,35
Manchester,Chorlton,7,Beauty,BE2542,6.88,2
Leeds,Leeds,10,Beauty,BE2042,46.68,22
Birmingahm,Birmingham,8,Beauty,BE5209,48.79,3
London,Oxford Street,1,Beauty,BE5487,39.29,2
London,Richmond,3,Beauty,BE2260,46.66,45
Nottingham,Nottingham,9,Beauty,BE9767,30.49,9
Birmingahm,Birmingham,8,Beauty,BE0404,26.59,35
Birmingahm,Birmingham,8,Beauty,BE7386,41.7,32
Manchester,Salford,6,Beauty,BE2872,4.89,44
Leeds,Leeds,10,Beauty,BE4076,32.38,22
Leeds,Leeds,10,Beauty,BE5271,17.91,27
Manchester,Trafford,5,Beauty,BE7427,13.26,7
London,Wembley,2,Beauty,BE7432,36.42,40
London,Stratford,4,Beauty,BE6242,37.5,24
London,Richmond,3,Beauty,BE6615,5.42,45
Manchester,Chorlton,7,Beauty,BE7138,8.12,4
Manchester,Trafford,5,Beauty,BE3855,2.53,3
Leeds,Leeds,10,Beauty,BE7944,21.16,47
Manchester,Chorlton,7,Beauty,BE2096,26.54,38
Manchester,Chorlton,7,Beauty,BE9627,37.91,29
Leeds,Leeds,10,Beauty,BE3905,12.26,46
Manchester,Salford,6,Beauty,BE3818,30.32,9
London,Wembley,2,Beauty,BE9310,11.7,45
London,Stratford,4,Beauty,BE9105,38.69,24
London,Wembley,2,Beauty,BE9948,42.32,36
Manchester,Chorlton,7,Beauty,BE8091,23.12,12
Manchester,Trafford,5,Beauty,BE1643,3.92,35
Leeds,Leeds,10,Beauty,BE4461,10.1,29
London,Stratford,4,Beauty,BE6412,7.19,35
Birmingahm,Birmingham,8,Beauty,BE4322,10.93,15
Birmingahm,Birmingham,8,Beauty,BE4569,1.19,43
Manchester,Salford,6,Beauty,BE8514,13.89,10
Leeds,Leeds,10,Beauty,BE9355,7.56,15
Manchester,Chorlton,7,Beauty,BE7950,22.04,45
Birmingahm,Birmingham,8,Beauty,BE1438,20.55,16
London,Oxford Street,1,Beauty,BE8633,24.69,47
Birmingahm,Birmingham,8,Beauty,BE8955,3.72,7
London,Wembley,2,Beauty,BE6024,15.03,35
Manchester,Chorlton,7,Beauty,BE9450,11.55,12
Nottingham,Nottingham,9,Beauty,BE0180,3.85,46
Birmingahm,Birmingham,8,Beauty,BE5780,49.09,50
London,Richmond,3,Beauty,BE6418,30.14,44
Manchester,Chorlton,7,Beauty,BE8729,17.85,24
London,Oxford Street,1,Beauty,BE8010,45.61,16
Nottingham,Nottingham,9,Beauty,BE3967,48.86,24
Manchester,Chorlton,7,Beauty,BE4099,10.61,7
Nottingham,Nottingham,9,Beauty,BE0103,48.97,30
Leeds,Leeds,10,Beauty,BE1013,11.08,26
Leeds,Leeds,10,Beauty,BE4066,36.47,38
Leeds,Leeds,10,Beauty,BE8145,13.8,25
Birmingahm,Birmingham,8,Beauty,BE7208,40.66,4
Manchester,Trafford,5,Beauty,BE7469,46.85,41
Manchester,Chorlton,7,Beauty,BE2409,6,41
London,Stratford,4,Beauty,BE5330,14.82,14
London,Richmond,3,Beauty,BE8368,6.35,26
London,Stratford,4,Beauty,BE1102,44.31,35
London,Stratford,4,Beauty,BE5567,45.58,16
London,Richmond,3,Beauty,BE2728,19.48,30
London,Stratford,4,Beauty,BE1648,10.11,41
London,Wembley,2,Beauty,BE5905,26.86,45
Birmingahm,Birmingham,8,Beauty,BE3306,23.16,50
Manchester,Chorlton,7,Beauty,BE4874,31.93,32
London,Stratford,4,Beauty,BE0146,39.54,33
Manchester,Trafford,5,Beauty,BE0509,34.09,21
London,Stratford,4,Beauty,BE4019,31.32,7
Leeds,Leeds,10,Beauty,BE4705,6.64,3
London,Oxford Street,1,Beauty,BE7673,20.05,34
Leeds,Leeds,10,Beauty,BE3921,14.96,37
Nottingham,Nottingham,9,Beauty,BE3517,5.37,25
London,Stratford,4,Beauty,BE4020,27.47,33
Leeds,Leeds,10,Beauty,BE4517,44.14,35
London,Richmond,3,Beauty,BE4742,19.73,45
Manchester,Chorlton,7,Beauty,BE6713,11.52,24
London,Oxford Street,1,Beauty,BE0560,38.12,18
Birmingahm,Birmingham,8,Beauty,BE4050,8.72,32
Birmingahm,Birmingham,8,Beauty,BE5532,31.54,43
Leeds,Leeds,10,Beauty,BE1961,24.45,35
Manchester,Chorlton,7,Beauty,BE2822,43.14,43
Manchester,Chorlton,7,Beauty,BE9461,24.25,44
London,Oxford Street,1,Beauty,BE5594,39.04,48
London,Oxford Street,1,Beauty,BE1483,13.1,13
London,Richmond,3,Beauty,BE7313,16.56,41
Leeds,Leeds,10,Beauty,BE3342,9.4,23
Nottingham,Nottingham,9,Beauty,BE0946,12.21,35
London,Stratford,4,Beauty,BE8897,4.7,45
London,Stratford,4,Beauty,BE9174,33.15,50
Nottingham,Nottingham,9,Beauty,BE8293,10.27,7
Nottingham,Nottingham,9,Beauty,BE2585,9.1,50
Manchester,Chorlton,7,Beauty,BE7747,4.84,25
Leeds,Leeds,10,Beauty,BE9439,20.34,28
Manchester,Chorlton,7,Beauty,BE1600,36.25,26
London,Richmond,3,Beauty,BE9386,4.87,29
Manchester,Chorlton,7,Electronics,EL6867,20.22,29
London,Richmond,3,Electronics,EL4575,17.67,49
Manchester,Chorlton,7,Electronics,EL1490,8.33,25
London,Oxford Street,1,Electronics,EL6673,41.84,46
London,Oxford Street,1,Electronics,EL7972,8.08,23
Leeds,Leeds,10,Electronics,EL8770,3.99,31
Manchester,Trafford,5,Electronics,EL5872,4.52,23
London,Stratford,4,Electronics,EL4804,37.97,36
London,Wembley,2,Electronics,EL0303,17.53,23
London,Oxford Street,1,Electronics,EL5957,36.35,38
London,Richmond,3,Electronics,EL8395,47.9,21
London,Stratford,4,Electronics,EL1560,22.11,1
Manchester,Salford,6,Electronics,EL7460,4.18,12
London,Wembley,2,Electronics,EL9381,43.58,8
Birmingahm,Birmingham,8,Electronics,EL4178,17.64,18
Birmingahm,Birmingham,8,Electronics,EL0028,15.49,8
Birmingahm,Birmingham,8,Electronics,EL4716,3,3
Leeds,Leeds,10,Electronics,EL4905,14.09,25
Birmingahm,Birmingham,8,Electronics,EL1219,35.9,2
Leeds,Leeds,10,Electronics,EL7239,32.62,36
London,Stratford,4,Electronics,EL0664,28.75,41
Manchester,Chorlton,7,Electronics,EL9145,5.23,37
Nottingham,Nottingham,9,Electronics,EL9073,6.16,43
Manchester,Salford,6,Electronics,EL3568,14.4,18
Nottingham,Nottingham,9,Electronics,EL6392,20.16,19
Manchester,Chorlton,7,Electronics,EL9456,40.78,49
Leeds,Leeds,10,Electronics,EL0783,47.77,41
Manchester,Salford,6,Electronics,EL2425,32.88,27
London,Oxford Street,1,Electronics,EL0634,49.9,13
London,Wembley,2,Electronics,EL2518,4.66,6
Nottingham,Nottingham,9,Electronics,EL2101,25.08,36
London,Stratford,4,Electronics,EL8948,36.52,22
London,Stratford,4,Electronics,EL5335,37.89,5
Birmingahm,Birmingham,8,Electronics,EL4558,36.09,45
Nottingham,Nottingham,9,Electronics,EL7524,22.21,34
Nottingham,Nottingham,9,Electronics,EL7849,48.37,18
Nottingham,Nottingham,9,Electronics,EL1901,39.96,43
Manchester,Salford,6,Electronics,EL3470,43.56,15
Manchester,Salford,6,Electronics,EL3966,32.92,30
London,Wembley,2,Electronics,EL0581,7.3,30
London,Wembley,2,Electronics,EL1226,22.81,8
Leeds,Leeds,10,Electronics,EL1109,35.68,9
Manchester,Chorlton,7,Electronics,EL2176,13.93,26
London,Oxford Street,1,Electronics,EL4080,11.76,46
Leeds,Leeds,10,Electronics,EL8618,45.59,37
Manchester,Trafford,5,Electronics,EL7232,34.13,19
London,Wembley,2,Electronics,EL9789,19.1,25
London,Stratford,4,Electronics,EL7200,46.08,21
London,Oxford Street,1,Electronics,EL0757,48.77,26
Manchester,Trafford,5,Electronics,EL7471,10.61,34
Manchester,Trafford,5,Electronics,EL2953,41.94,29
Manchester,Chorlton,7,Electronics,EL4569,13.14,1
London,Richmond,3,Electronics,EL3949,1.5,26
London,Oxford Street,1,Electronics,EL2790,45.96,3
Nottingham,Nottingham,9,Electronics,EL7789,12.81,2
Manchester,Trafford,5,Electronics,EL3661,29.92,23
Manchester,Salford,6,Electronics,EL2838,17.56,17
Leeds,Leeds,10,Electronics,EL8538,14.69,46
London,Wembley,2,Electronics,EL8334,40.61,24
London,Oxford Street,1,Electronics,EL8108,49.62,12
Nottingham,Nottingham,9,Electronics,EL6085,27.39,17
Nottingham,Nottingham,9,Electronics,EL7516,42.28,37
Birmingahm,Birmingham,8,Electronics,EL0161,1.52,32
Birmingahm,Birmingham,8,Electronics,EL8072,35.57,12
Leeds,Leeds,10,Electronics,EL7279,34.02,4
London,Richmond,3,Electronics,EL3276,19.59,37
Manchester,Salford,6,Electronics,EL0254,18.95,44
Manchester,Salford,6,Electronics,EL8063,41.96,23
Manchester,Chorlton,7,Electronics,EL8731,39.67,10
Manchester,Salford,6,Electronics,EL5805,46.26,37
Manchester,Salford,6,Electronics,EL9102,47.49,28
Birmingahm,Birmingham,8,Electronics,EL0237,30.47,2
London,Stratford,4,Electronics,EL2446,12.14,37
London,Wembley,2,Electronics,EL9873,11.6,49
London,Richmond,3,Electronics,EL7628,5.42,8
Nottingham,Nottingham,9,Electronics,EL0549,47.79,10
London,Stratford,4,Electronics,EL1143,2.39,9
Leeds,Leeds,10,Electronics,EL6078,14.68,46
London,Richmond,3,Electronics,EL9330,36,35
Manchester,Trafford,5,Electronics,EL1210,25.49,43
Birmingahm,Birmingham,8,Electronics,EL8486,28.04,32
Birmingahm,Birmingham,8,Electronics,EL4037,44.99,46
Manchester,Chorlton,7,Electronics,EL8442,11.81,40
Manchester,Salford,6,Electronics,EL3130,29.21,43
Birmingahm,Birmingham,8,Electronics,EL6352,11.62,47
London,Richmond,3,Electronics,EL7928,11.82,4
London,Richmond,3,Electronics,EL5210,27.34,12
Birmingahm,Birmingham,8,Electronics,EL8643,36.23,42
Manchester,Salford,6,Electronics,EL8396,1.4,37
Nottingham,Nottingham,9,Electronics,EL0787,5.25,21
London,Oxford Street,1,Electronics,EL9466,6.92,40
Manchester,Chorlton,7,Electronics,EL4468,1.22,29
London,Oxford Street,1,Electronics,EL8106,35.6,49
London,Richmond,3,Electronics,EL1960,44.76,8
Birmingahm,Birmingham,8,Electronics,EL2361,5.1,9
Leeds,Leeds,10,Electronics,EL4968,13.46,32
London,Richmond,3,Electronics,EL8820,40.32,24
Manchester,Chorlton,7,Electronics,EL3940,11.79,21
Leeds,Leeds,10,Electronics,EL7095,29.42,41
Manchester,Salford,6,Electronics,EL3737,45.9,27
London,Oxford Street,1,Electronics,EL9948,7.59,23
Manchester,Salford,6,Electronics,EL0296,42.43,36
Manchester,Trafford,5,Electronics,EL2538,36.28,4
London,Oxford Street,1,Electronics,EL5406,1.84,22
London,Richmond,3,Electronics,EL3552,47.85,18
Manchester,Salford,6,Electronics,EL4187,38.74,23
London,Wembley,2,Electronics,EL5572,2.94,38
Manchester,Trafford,5,Electronics,EL7781,1.61,35
Nottingham,Nottingham,9,Electronics,EL8937,3.53,49
London,Oxford Street,1,Electronics,EL5359,48.92,2
Birmingahm,Birmingham,8,Electronics,EL2403,4.69,37
Leeds,Leeds,10,Electronics,EL3998,20.24,21
London,Oxford Street,1,Electronics,EL8282,19.86,21
London,Stratford,4,Electronics,EL0263,1.43,19
London,Richmond,3,Electronics,EL1085,40.79,46
London,Oxford Street,1,Electronics,EL7756,16.55,25
London,Wembley,2,Electronics,EL3545,41.95,15
Leeds,Leeds,10,Electronics,EL4470,16.44,18
London,Wembley,2,Electronics,EL5754,40.42,6
Birmingahm,Birmingham,8,Electronics,EL5587,39.56,11
Birmingahm,Birmingham,8,Electronics,EL3847,32.25,32
Manchester,Trafford,5,Electronics,EL3440,23.64,41
Manchester,Trafford,5,Electronics,EL8418,40.15,26
London,Richmond,3,Electronics,EL1858,3,16
Manchester,Salford,6,Electronics,EL3658,44.47,21
London,Stratford,4,Electronics,EL9154,47.95,13
Nottingham,Nottingham,9,Electronics,EL6098,19.7,14
London,Oxford Street,1,Electronics,EL4145,12.66,33
Manchester,Salford,6,Electronics,EL8973,7.54,42
London,Oxford Street,1,Electronics,EL2978,12.76,8
London,Oxford Street,1,Electronics,EL1417,6.09,19
Manchester,Salford,6,Electronics,EL2163,22.26,41
London,Wembley,2,Electronics,EL8586,9.96,47
London,Wembley,2,Electronics,EL7596,21.54,39
Manchester,Chorlton,7,Electronics,EL5432,35.58,37
Manchester,Chorlton,7,Electronics,EL9845,7.32,30
Leeds,Leeds,10,Electronics,EL5496,47.9,19
London,Richmond,3,Electronics,EL7563,32.65,10
Nottingham,Nottingham,9,Electronics,EL7048,10.21,3
Nottingham,Nottingham,9,Electronics,EL2589,32.01,8
Manchester,Trafford,5,Electronics,EL8683,7.56,8
Manchester,Trafford,5,Electronics,EL0658,21.66,3
London,Stratford,4,Electronics,EL7879,2.58,19
Birmingahm,Birmingham,8,Electronics,EL5649,8.24,49
London,Wembley,2,Electronics,EL8253,41.2,6
London,Wembley,2,Electronics,EL4046,16.35,12
London,Oxford Street,1,Electronics,EL9846,45.57,45
Leeds,Leeds,10,Electronics,EL2911,43.49,30
Leeds,Leeds,10,Electronics,EL8954,16.89,17
Manchester,Salford,6,Electronics,EL2542,13.65,44
London,Wembley,2,Electronics,EL8479,11.45,8
Leeds,Leeds,10,Electronics,EL0354,9.12,23
Manchester,Trafford,5,Electronics,EL1855,31.44,38
London,Wembley,2,Electronics,EL1732,30.28,14
Birmingahm,Birmingham,8,Electronics,EL4250,9.41,48
London,Richmond,3,Electronics,EL3383,45.97,25
London,Wembley,2,Electronics,EL6251,23.76,22
Manchester,Salford,6,Electronics,EL1884,37.09,41
London,Wembley,2,Electronics,EL8206,43,18
Manchester,Chorlton,7,Electronics,EL6437,49.78,29
Birmingahm,Birmingham,8,Electronics,EL4803,26.92,32
Birmingahm,Birmingham,8,Electronics,EL7607,43.77,36
Manchester,Salford,6,Electronics,EL9883,12.57,11
London,Richmond,3,Electronics,EL9966,25.32,27
London,Wembley,2,Electronics,EL6041,45.28,23
London,Stratford,4,Electronics,EL9924,45.05,5
Nottingham,Nottingham,9,Electronics,EL3759,2.15,45
London,Wembley,2,Electronics,EL7496,5.42,26
London,Wembley,2,Electronics,EL9248,45.21,49
Leeds,Leeds,10,Electronics,EL7245,13.19,28
London,Richmond,3,Electronics,EL7866,30.02,23
Manchester,Trafford,5,Electronics,EL5099,47.69,14
London,Oxford Street,1,Electronics,EL7831,19.82,42
London,Richmond,3,Electronics,EL6523,47.83,6
London,Wembley,2,Electronics,EL0671,44.25,21
Manchester,Chorlton,7,Electronics,EL3104,17.73,41
Birmingahm,Birmingham,8,Electronics,EL6304,13.56,28
Birmingahm,Birmingham,8,Electronics,EL8084,20.59,28
Manchester,Trafford,5,Electronics,EL0361,14.82,15
Manchester,Salford,6,Electronics,EL5452,30.54,17
London,Wembley,2,Electronics,EL6474,21.98,38
Manchester,Chorlton,7,Electronics,EL8169,13.84,31
Birmingahm,Birmingham,8,Electronics,EL5702,26.53,12
Manchester,Salford,6,Electronics,EL6082,14.7,3
London,Oxford Street,1,Electronics,EL1157,24.53,20
Manchester,Chorlton,7,Electronics,EL7093,22.26,19
London,Stratford,4,Electronics,EL2984,11.45,29
London,Richmond,3,Electronics,EL9382,23.83,17
London,Wembley,2,Electronics,EL0176,3.08,48
Manchester,Salford,6,Electronics,EL4314,9.02,33
Leeds,Leeds,10,Electronics,EL8012,15.28,29
Birmingahm,Birmingham,8,Electronics,EL2376,42.35,27
London,Richmond,3,Electronics,EL8011,48.16,11
Manchester,Salford,6,Electronics,EL2201,21.87,40
Manchester,Chorlton,7,Electronics,EL9967,1.23,31
London,Stratford,4,Electronics,EL8419,35.73,44
Manchester,Trafford,5,Electronics,EL4139,48.26,38
Birmingahm,Birmingham,8,Electronics,EL9086,44.57,25
Leeds,Leeds,10,Electronics,EL1375,24.96,36
Manchester,Salford,6,Electronics,EL9286,4.58,44
London,Oxford Street,1,Electronics,EL3117,12.06,50
Leeds,Leeds,10,Electronics,EL7583,46.92,40
Manchester,Trafford,5,Electronics,EL6350,25.76,19
London,Stratford,4,Electronics,EL0272,42.86,1
London,Stratford,4,Electronics,EL8948,1.96,47
Manchester,Chorlton,7,Electronics,EL1999,42.84,22
London,Stratford,4,Electronics,EL3395,28.53,48
London,Stratford,4,Electronics,EL9640,32.47,1
Birmingahm,Birmingham,8,Electronics,EL4711,49.47,37
London,Stratford,4,Electronics,EL7396,46.77,6
Nottingham,Nottingham,9,Electronics,EL5989,14.6,38
Birmingahm,Birmingham,8,Electronics,EL7625,23.21,19
Manchester,Chorlton,7,Electronics,EL6471,37.32,35
Manchester,Salford,6,Electronics,EL4438,37.36,37
Birmingahm,Birmingham,8,Electronics,EL4775,5.88,43
London,Richmond,3,Electronics,EL0016,13.73,4
London,Wembley,2,Electronics,EL4124,21.42,24
Birmingahm,Birmingham,8,Electronics,EL8497,11.05,20
London,Oxford Street,1,Electronics,EL7542,8.21,30
London,Richmond,3,Electronics,EL8247,20.52,3
London,Stratford,4,Electronics,EL9032,45.73,32
Manchester,Salford,6,Electronics,EL6307,17.57,22
London,Richmond,3,Electronics,EL9328,36.93,49
Manchester,Chorlton,7,Electronics,EL2071,47.73,12
London,Oxford Street,1,Electronics,EL1663,11.12,12
Leeds,Leeds,10,Electronics,EL4061,48.88,7
Manchester,Trafford,5,Electronics,EL4607,21.95,17
London,Richmond,3,Electronics,EL3335,1.72,23
London,Richmond,3,Electronics,EL9573,7.45,19
London,Oxford Street,1,Electronics,EL6738,21.33,7
Manchester,Salford,6,Electronics,EL4116,3.5,43
Nottingham,Nottingham,9,Electronics,EL1543,15.84,41
Leeds,Leeds,10,Electronics,EL2273,16.7,37
London,Richmond,3,Electronics,EL9140,45.41,6
London,Richmond,3,Electronics,EL6061,4.08,13
Birmingahm,Birmingham,8,Electronics,EL8654,30.51,5
Birmingahm,Birmingham,8,Electronics,EL3795,29.76,28
Birmingahm,Birmingham,8,Electronics,EL8139,15.63,31
Nottingham,Nottingham,9,Electronics,EL3756,9.54,20
Manchester,Chorlton,7,Electronics,EL1944,10.15,10
London,Wembley,2,Electronics,EL2810,45.78,29
Birmingahm,Birmingham,8,Electronics,EL3143,42.78,27
Nottingham,Nottingham,9,Electronics,EL3701,45.56,28
London,Oxford Street,1,Electronics,EL3825,25.5,43
Leeds,Leeds,10,Electronics,EL8200,24.63,26
London,Richmond,3,Electronics,EL9473,32.28,32
London,Oxford Street,1,Electronics,EL5816,37.67,34
London,Wembley,2,Electronics,EL3817,7.43,24
Leeds,Leeds,10,Electronics,EL5228,31.87,12
Nottingham,Nottingham,9,Electronics,EL1784,34.47,32